colocação,jogador,escalações,rodada,ano
1.0,Gabriel (FLA),3327349.0,1,2020
2.0,Pedro Geromel (GRE),3127228.0,1,2020
3.0,Everton Ribeiro (FLA),2840557.0,1,2020
4.0,Vanderlei (GRE),1969166.0,1,2020
5.0,Marinho (SAN),1850604.0,1,2020
6.0,Thiago Galhardo (INT),1422202.0,1,2020
7.0,Soteldo (SAN),1308558.0,1,2020
8.0,Víctor Cuesta (INT),1304007.0,1,2020
9.0,Diego Souza (GRE),1273009.0,1,2020
10.0,Alisson (GRE),1247015.0,1,2020
11.0,Gerson (FLA),1161325.0,1,2020
12.0,Filipe Luís (FLA),957446.0,1,2020
13.0,Daniel Paulista (SPO),878319.0,1,2020
14.0,Léo Pereira (FLA),818484.0,1,2020
15.0,Rafinha (FLA),757727.0,1,2020
16.0,Bruno Henrique (FLA),707134.0,1,2020
17.0,Bruno Cortez (GRE),617198.0,1,2020
18.0,Paolo Guerrero (INT),616544.0,1,2020
19.0,Daniel Alves (SAO),597080.0,1,2020
20.0,Domènec Torrent (FLA),588360.0,1,2020
1.0,Gabriel (FLA),3269338.0,2,2020
2.0,Everton Ribeiro (FLA),2696485.0,2,2020
3.0,Rodrigo Caio (FLA),1704973.0,2,2020
4.0,Bruno Henrique (FLA),1344399.0,2,2020
5.0,Filipe Luís (FLA),1237605.0,2,2020
6.0,Domènec Torrent (FLA),1087414.0,2,2020
7.0,Thiago Galhardo (INT),1081448.0,2,2020
8.0,Aguilar (CAP),994423.0,2,2020
9.0,Víctor Cuesta (INT),986976.0,2,2020
10.0,Felipe Conceição (BGT),974846.0,2,2020
11.0,Pablo (SAO),946191.0,2,2020
12.0,Rafinha (FLA),937338.0,2,2020
13.0,Patrick de Paula (PAL),816626.0,2,2020
14.0,Gerson (FLA),808470.0,2,2020
15.0,Léo Cittadini (CAP),768257.0,2,2020
16.0,Cano (VAS),731130.0,2,2020
17.0,Santos (CAP),710984.0,2,2020
18.0,Daniel Alves (SAO),669146.0,2,2020
19.0,Aderlan (BGT),648883.0,2,2020
20.0,Saravia (INT),641373.0,2,2020
1.0,Gabriel (FLA),2320289.0,3,2020
2.0,Luiz Adriano (PAL),1889354.0,3,2020
3.0,Marcos Rocha (PAL),1868825.0,3,2020
4.0,Pedro Geromel (GRE),1740932.0,3,2020
5.0,Everton Ribeiro (FLA),1436246.0,3,2020
6.0,Carlos Sánchez (SAN),1397568.0,3,2020
7.0,Réver (ATL),1376046.0,3,2020
8.0,Viña (PAL),1308749.0,3,2020
9.0,Marrony (ATL),1222261.0,3,2020
10.0,Zé Rafael (PAL),1213619.0,3,2020
11.0,Filipe Luís (FLA),1135879.0,3,2020
12.0,Rogério Ceni (FOR),1007995.0,3,2020
13.0,Rafael (ATL),987993.0,3,2020
14.0,Bruno Henrique (FLA),970710.0,3,2020
15.0,Rodrigo Caio (FLA),920932.0,3,2020
16.0,Patrick de Paula (PAL),874299.0,3,2020
17.0,Marinho (SAN),861718.0,3,2020
18.0,Thiago Galhardo (INT),815006.0,3,2020
19.0,Vanderlei Luxemburgo (PAL),726338.0,3,2020
20.0,Domènec Torrent (FLA),623991.0,3,2020
1.0,Jô (COR),2927180.0,4,2020
2.0,Víctor Cuesta (INT),2328033.0,4,2020
3.0,Thiago Galhardo (INT),2306599.0,4,2020
4.0,Gil (COR),2044359.0,4,2020
5.0,Gabriel (FLA),1894907.0,4,2020
6.0,Luan (COR),1300668.0,4,2020
7.0,Sidcley (COR),1208456.0,4,2020
8.0,Daniel Alves (SAO),1117301.0,4,2020
9.0,Filipe Luís (FLA),1101924.0,4,2020
10.0,Everton Ribeiro (FLA),1091642.0,4,2020
11.0,Bruno Henrique (FLA),956214.0,4,2020
12.0,Marrony (ATL),950363.0,4,2020
13.0,Carlos Sánchez (SAN),897488.0,4,2020
14.0,Danilo Avelar (COR),864500.0,4,2020
15.0,Cássio (COR),826522.0,4,2020
16.0,Ney Franco (GOI),822382.0,4,2020
17.0,Hyoran (ATL),780442.0,4,2020
18.0,Soteldo (SAN),776241.0,4,2020
19.0,Marinho (SAN),695929.0,4,2020
20.0,Pablo (SAO),690908.0,4,2020
1.0,Jô (COR),2283512.0,5,2020
2.0,Gabriel (FLA),1998763.0,5,2020
3.0,Arrascaeta (FLA),1561756.0,5,2020
4.0,Gil (COR),1415389.0,5,2020
5.0,Bruno Henrique (FLA),1382062.0,5,2020
6.0,Filipe Luís (FLA),1339727.0,5,2020
7.0,Everton Ribeiro (FLA),1275299.0,5,2020
8.0,Araos (COR),1202306.0,5,2020
9.0,Léo Ortiz (BGT),1196431.0,5,2020
10.0,Thiago Galhardo (INT),1138799.0,5,2020
11.0,Felipe Conceição (BGT),1048088.0,5,2020
12.0,Cássio (COR),1020138.0,5,2020
13.0,Danilo Avelar (COR),998210.0,5,2020
14.0,Rodrigo Caio (FLA),913661.0,5,2020
15.0,Aderlan (BGT),913419.0,5,2020
16.0,Cano (VAS),904699.0,5,2020
17.0,Sidcley (COR),889891.0,5,2020
18.0,Fagner (COR),844314.0,5,2020
19.0,Alerrandro (BGT),767288.0,5,2020
20.0,Rafael Vaz (GOI),677966.0,5,2020
1.0,Thiago Galhardo (INT),2395099.0,6,2020
2.0,Cano (VAS),2105929.0,6,2020
3.0,Víctor Cuesta (INT),1979460.0,6,2020
4.0,Nenê (FLU),1599672.0,6,2020
5.0,Bruno Henrique (FLA),1403963.0,6,2020
6.0,Luiz Adriano (PAL),1085627.0,6,2020
7.0,Viña (PAL),1018642.0,6,2020
8.0,Jorginho (CFC),1008039.0,6,2020
9.0,Jô (COR),1005469.0,6,2020
10.0,Matheus Galdezani (CFC),968663.0,6,2020
11.0,Rogério Ceni (FOR),941710.0,6,2020
12.0,Luan (PAL),909410.0,6,2020
13.0,Wellington Paulista (FOR),889896.0,6,2020
14.0,Wilson (CFC),784655.0,6,2020
15.0,Patrick de Paula (PAL),767240.0,6,2020
16.0,Saravia (INT),739195.0,6,2020
17.0,Gustavo Gómez (PAL),736146.0,6,2020
18.0,Filipe Luís (FLA),729370.0,6,2020
19.0,Everton Ribeiro (FLA),727859.0,6,2020
20.0,Gil (COR),699327.0,6,2020
1.0,Pedro Geromel (GRE),2789389.0,7,2020
2.0,Nenê (FLU),2765087.0,7,2020
3.0,Diego Souza (GRE),2587267.0,7,2020
4.0,Marinho (SAN),2234823.0,7,2020
5.0,Egídio (FLU),1512215.0,7,2020
6.0,Alisson (GRE),1466156.0,7,2020
7.0,Jean Pyerre (GRE),940448.0,7,2020
8.0,Vanderlei (GRE),871156.0,7,2020
9.0,Evanilson (FLU),860419.0,7,2020
10.0,Odair Hellmann (FLU),808098.0,7,2020
11.0,João Paulo (SAN),786283.0,7,2020
12.0,Fernando Sobral (CEA),774647.0,7,2020
13.0,Soteldo (SAN),766591.0,7,2020
14.0,Carlos Sánchez (SAN),739695.0,7,2020
15.0,Calegari (FLU),739395.0,7,2020
16.0,Felipe Jonatan (SAN),733261.0,7,2020
17.0,Kannemann (GRE),729420.0,7,2020
18.0,Bruno Cortez (GRE),713642.0,7,2020
19.0,Léo Cittadini (CAP),643269.0,7,2020
20.0,Arrascaeta (FLA),637288.0,7,2020
1.0,Gabriel (FLA),3048026.0,8,2020
2.0,Thiago Galhardo (INT),2714835.0,8,2020
3.0,Víctor Cuesta (INT),1904425.0,8,2020
4.0,Everton Ribeiro (FLA),1616120.0,8,2020
5.0,Filipe Luís (FLA),1525858.0,8,2020
6.0,Luciano (SAO),1365374.0,8,2020
7.0,Jair Ventura (SPO),1365057.0,8,2020
8.0,Isla (FLA),1302839.0,8,2020
9.0,Marinho (SAN),1299417.0,8,2020
10.0,Arrascaeta (FLA),1250002.0,8,2020
11.0,Rodrigo Caio (FLA),1145796.0,8,2020
12.0,Cano (VAS),980943.0,8,2020
13.0,Jô (COR),952309.0,8,2020
14.0,Gil (COR),911601.0,8,2020
15.0,Domènec Torrent (FLA),855561.0,8,2020
16.0,Boschilia (INT),809026.0,8,2020
17.0,João Paulo (SAN),730322.0,8,2020
18.0,Soteldo (SAN),693938.0,8,2020
19.0,Léo Pereira (FLA),686349.0,8,2020
20.0,Pedro Geromel (GRE),679065.0,8,2020
1.0,Thiago Galhardo (INT),3016327.0,9,2020
2.0,Cano (VAS),2302825.0,9,2020
3.0,Víctor Cuesta (INT),2258815.0,9,2020
4.0,Luciano (SAO),1964055.0,9,2020
5.0,Everton Ribeiro (FLA),1576702.0,9,2020
6.0,Gabriel (FLA),1490293.0,9,2020
7.0,Marinho (SAN),1411767.0,9,2020
8.0,Rafael Vaz (GOI),1283350.0,9,2020
9.0,Miranda (VAS),1256177.0,9,2020
10.0,Reinaldo (SAO),1235639.0,9,2020
11.0,Wellington Paulista (FOR),1235336.0,9,2020
12.0,Thiago Larghi (GOI),1205461.0,9,2020
13.0,Yago Pikachu (VAS),1184455.0,9,2020
14.0,Arrascaeta (FLA),1087675.0,9,2020
15.0,Rogério Ceni (FOR),1019057.0,9,2020
16.0,Benítez (VAS),971335.0,9,2020
17.0,Fellipe Bastos (VAS),833338.0,9,2020
18.0,Filipe Luís (FLA),782538.0,9,2020
19.0,Marcelo Lomba (INT),741173.0,9,2020
20.0,Talles Magno (VAS),668634.0,9,2020
1.0,Marinho (SAN),2333734.0,10,2020
2.0,Eduardo Sasha (ATL),2237601.0,10,2020
3.0,Rodriguinho (BAH),2232330.0,10,2020
4.0,Júnior Alonso (ATL),1488941.0,10,2020
5.0,Franco (ATL),1424003.0,10,2020
6.0,Gilberto (BAH),1183617.0,10,2020
7.0,João Paulo (SAN),1175359.0,10,2020
8.0,Viña (PAL),1154757.0,10,2020
9.0,Gabriel (FLA),1091036.0,10,2020
10.0,Gustavo Gómez (PAL),1089854.0,10,2020
11.0,Guilherme Arana (ATL),1068945.0,10,2020
12.0,Cano (VAS),1036712.0,10,2020
13.0,Luan (PAL),970027.0,10,2020
14.0,Nino Paraíba (BAH),941148.0,10,2020
15.0,Patrick de Paula (PAL),909949.0,10,2020
16.0,Nenê (FLU),908147.0,10,2020
17.0,Otero (COR),875265.0,10,2020
18.0,Víctor Cuesta (INT),833551.0,10,2020
19.0,Zé Rafael (PAL),822252.0,10,2020
20.0,Jorge Sampaoli (ATL),798312.0,10,2020
1.0,Marinho (SAN),3081610.0,11,2020
2.0,Eduardo Sasha (ATL),2253915.0,11,2020
3.0,João Paulo (SAN),1714020.0,11,2020
4.0,Júnior Alonso (ATL),1297267.0,11,2020
5.0,Calegari (FLU),1175068.0,11,2020
6.0,Réver (ATL),1157434.0,11,2020
7.0,Fernando Sobral (CEA),1151449.0,11,2020
8.0,Vinícius (CEA),1142875.0,11,2020
9.0,Alisson (GRE),1079690.0,11,2020
10.0,Carlos Sánchez (SAN),1066732.0,11,2020
11.0,Sabino (CFC),1055715.0,11,2020
12.0,Maurício Barbieri (BGT),990269.0,11,2020
13.0,Guilherme Arana (ATL),949144.0,11,2020
14.0,Cano (VAS),931360.0,11,2020
15.0,Patrick (INT),906013.0,11,2020
16.0,Wellington Paulista (FOR),896002.0,11,2020
17.0,Jair (ATL),869876.0,11,2020
18.0,Gabriel Menino (PAL),860282.0,11,2020
19.0,Lucas Veríssimo (SAN),829203.0,11,2020
20.0,Claudinho (BGT),810534.0,11,2020
1.0,Cano (VAS),2772855.0,12,2020
2.0,Vinícius (CEA),2064096.0,12,2020
3.0,Thiago Galhardo (INT),2053888.0,12,2020
4.0,Nenê (FLU),1593744.0,12,2020
5.0,João Paulo (SAN),1243174.0,12,2020
6.0,Soteldo (SAN),1152565.0,12,2020
7.0,Luan Peres  (SAN),916957.0,12,2020
8.0,Nathan (ATL),878627.0,12,2020
9.0,Luiz Otávio (CEA),866346.0,12,2020
10.0,Víctor Cuesta (INT),834580.0,12,2020
11.0,Guilherme Arana (ATL),827348.0,12,2020
12.0,Cléber (CEA),797717.0,12,2020
13.0,Bruno Pacheco (CEA),750767.0,12,2020
14.0,Marinho (SAN),744854.0,12,2020
15.0,Fernando Sobral (CEA),743358.0,12,2020
16.0,Leandro Castan (VAS),742374.0,12,2020
17.0,Eduardo Sasha (ATL),741824.0,12,2020
18.0,Boschilia (INT),705321.0,12,2020
19.0,Fernando Prass (CEA),689762.0,12,2020
20.0,Júnior Alonso (ATL),685001.0,12,2020
1.0,Marinho (SAN),2072549.0,13,2020
2.0,Arrascaeta (FLA),2022293.0,13,2020
3.0,Pedro (FLA),1496017.0,13,2020
4.0,Keno (ATL),1493357.0,13,2020
5.0,Viña (PAL),1342304.0,13,2020
6.0,Thiago Galhardo (INT),1171833.0,13,2020
7.0,Raphael Veiga (PAL),1151491.0,13,2020
8.0,Bruno Henrique (FLA),1133283.0,13,2020
9.0,João Paulo (SAN),1029179.0,13,2020
10.0,Gustavo Gómez (PAL),955525.0,13,2020
11.0,Réver (ATL),837317.0,13,2020
12.0,Patrick de Paula (PAL),767244.0,13,2020
13.0,Mano Menezes (BAH),746177.0,13,2020
14.0,Luciano (SAO),699815.0,13,2020
15.0,Natan (FLA),686277.0,13,2020
16.0,Nenê (FLU),658171.0,13,2020
17.0,Rogério Ceni (FOR),635844.0,13,2020
18.0,Felipe Melo (PAL),623410.0,13,2020
19.0,Luan Peres  (SAN),577693.0,13,2020
20.0,Felipe Jonatan (SAN),558133.0,13,2020
1.0,Thiago Galhardo (INT),2683407.0,14,2020
2.0,Pedro (FLA),2321024.0,14,2020
3.0,Keno (ATL),2236576.0,14,2020
4.0,Pepê (GRE),1908606.0,14,2020
5.0,David Braz (GRE),1505545.0,14,2020
6.0,Bruno Henrique (FLA),1445948.0,14,2020
7.0,Natan (FLA),1168214.0,14,2020
8.0,Filipe Luís (FLA),1068190.0,14,2020
9.0,Nenê (FLU),1064347.0,14,2020
10.0,Raphael Veiga (PAL),817273.0,14,2020
11.0,Renato Gaúcho (GRE),809956.0,14,2020
12.0,Reinaldo (SAO),738873.0,14,2020
13.0,Diogo Barbosa (GRE),732250.0,14,2020
14.0,Domènec Torrent (FLA),701556.0,14,2020
15.0,Víctor Cuesta (INT),668727.0,14,2020
16.0,Patrick de Paula (PAL),667797.0,14,2020
17.0,Gerson (FLA),661593.0,14,2020
18.0,Nathan (ATL),629773.0,14,2020
19.0,Réver (ATL),602115.0,14,2020
20.0,Vinícius (CEA),601130.0,14,2020
1.0,Keno (ATL),2868755.0,15,2020
2.0,Thiago Galhardo (INT),2696853.0,15,2020
3.0,Pedro (FLA),2483069.0,15,2020
4.0,Bruno Henrique (FLA),1686894.0,15,2020
5.0,Réver (ATL),1505522.0,15,2020
6.0,Vinícius (CEA),1405012.0,15,2020
7.0,Nenê (FLU),1369209.0,15,2020
8.0,Guilherme Arana (ATL),1314769.0,15,2020
9.0,Jorge Sampaoli (ATL),1255731.0,15,2020
10.0,Víctor Cuesta (INT),1220451.0,15,2020
11.0,Hugo Souza (FLA),809186.0,15,2020
12.0,Filipe Luís (FLA),776147.0,15,2020
13.0,Natan (FLA),757434.0,15,2020
14.0,Guga (ATL),720869.0,15,2020
15.0,Raphael Veiga (PAL),626941.0,15,2020
16.0,Calegari (FLU),619082.0,15,2020
17.0,Gerson (FLA),565622.0,15,2020
18.0,Eduardo Sasha (ATL),564557.0,15,2020
19.0,Fernando Prass (CEA),551175.0,15,2020
20.0,Diego (FLA),536037.0,15,2020
1.0,Thiago Galhardo (INT),2710214.0,16,2020
2.0,Keno (ATL),2445005.0,16,2020
3.0,Pepê (GRE),1633511.0,16,2020
4.0,Marinho (SAN),1520896.0,16,2020
5.0,Nathan (ATL),1458565.0,16,2020
6.0,Everton Ribeiro (FLA),1424484.0,16,2020
7.0,Pedro (FLA),1282141.0,16,2020
8.0,Réver (ATL),1223240.0,16,2020
9.0,Pedro Geromel (GRE),1125611.0,16,2020
10.0,João Paulo (SAN),1122875.0,16,2020
11.0,Felipe Jonatan (SAN),1077729.0,16,2020
12.0,Domènec Torrent (FLA),1028582.0,16,2020
13.0,Marcos Rocha (PAL),992504.0,16,2020
14.0,Raphael Veiga (PAL),969766.0,16,2020
15.0,Jailson (PAL),789243.0,16,2020
16.0,Felipe Melo (PAL),756981.0,16,2020
17.0,Luan Peres  (SAN),738327.0,16,2020
18.0,Patrick de Paula (PAL),733939.0,16,2020
19.0,Lucas Veríssimo (SAN),718019.0,16,2020
20.0,Guilherme Arana (ATL),667802.0,16,2020
1.0,Thiago Galhardo (INT),2925897.0,17,2020
2.0,Keno (ATL),2407443.0,17,2020
3.0,Nenê (FLU),1792358.0,17,2020
4.0,Pedro (FLA),1517140.0,17,2020
5.0,Victor Luis (BOT),1347135.0,17,2020
6.0,Víctor Cuesta (INT),1119176.0,17,2020
7.0,Nathan (ATL),959055.0,17,2020
8.0,Bruno Henrique (FLA),923721.0,17,2020
9.0,Luciano (SAO),871083.0,17,2020
10.0,Digão (FLU),805156.0,17,2020
11.0,Marcelo Lomba (INT),752036.0,17,2020
12.0,Eduardo Coudet (INT),651944.0,17,2020
13.0,Léo Ortiz (BGT),600579.0,17,2020
14.0,Réver (ATL),594287.0,17,2020
15.0,Matheus Babi (BOT),578243.0,17,2020
16.0,Pepê (GRE),562693.0,17,2020
17.0,Claudinho (BGT),515666.0,17,2020
18.0,Madson (SAN),505580.0,17,2020
19.0,Viña (PAL),485221.0,17,2020
20.0,Brenner (SAO),482648.0,17,2020
1.0,Keno (ATL),2863822.0,18,2020
2.0,Thiago Galhardo (INT),2020920.0,18,2020
3.0,Pedro (FLA),1691175.0,18,2020
4.0,Vinícius (CEA),1608068.0,18,2020
5.0,Guilherme Arana (ATL),1417095.0,18,2020
6.0,Marinho (SAN),1265263.0,18,2020
7.0,Pepê (GRE),1158719.0,18,2020
8.0,Júnior Alonso (ATL),1100630.0,18,2020
9.0,Viña (PAL),1081222.0,18,2020
10.0,Fernando Prass (CEA),1007917.0,18,2020
11.0,Maurício Barbieri (BGT),973859.0,18,2020
12.0,Réver (ATL),966648.0,18,2020
13.0,Everton Ribeiro (FLA),963068.0,18,2020
14.0,Léo Ortiz (BGT),960455.0,18,2020
15.0,Claudinho (BGT),871361.0,18,2020
16.0,Jorge Sampaoli (ATL),853637.0,18,2020
17.0,Fernando Sobral (CEA),737451.0,18,2020
18.0,Bruno Pacheco (CEA),629515.0,18,2020
19.0,Savarino (ATL),620956.0,18,2020
20.0,Nenê (FLU),599118.0,18,2020
1.0,Pedro (FLA),2663374.0,19,2020
2.0,Thiago Galhardo (INT),2651047.0,19,2020
3.0,Marinho (SAN),2495874.0,19,2020
4.0,Everton Ribeiro (FLA),2098569.0,19,2020
5.0,Bruno Henrique (FLA),1403410.0,19,2020
6.0,David Braz (GRE),1287762.0,19,2020
7.0,Felipe Jonatan (SAN),1201913.0,19,2020
8.0,Hugo Souza (FLA),1128916.0,19,2020
9.0,Vinícius (CEA),1083188.0,19,2020
10.0,Giovanni Augusto (CFC),975363.0,19,2020
11.0,Sabino (CFC),949939.0,19,2020
12.0,Natan (FLA),826276.0,19,2020
13.0,Lucas Veríssimo (SAN),735883.0,19,2020
14.0,Domènec Torrent (FLA),683831.0,19,2020
15.0,Filipe Luís (FLA),631818.0,19,2020
16.0,Enderson Moreira (GOI),559907.0,19,2020
17.0,Heitor (INT),552988.0,19,2020
18.0,Víctor Cuesta (INT),547758.0,19,2020
19.0,Tadeu (GOI),539758.0,19,2020
20.0,Victor Luis (BOT),478376.0,19,2020
1.0,Patrick (INT),2133593.0,20,2020
2.0,Pedro (FLA),1943178.0,20,2020
3.0,Brenner (SAO),1763896.0,20,2020
4.0,Víctor Cuesta (INT),1614627.0,20,2020
5.0,Reinaldo (SAO),1494910.0,20,2020
6.0,Everton Ribeiro (FLA),1309347.0,20,2020
7.0,Luciano (SAO),1181678.0,20,2020
8.0,Vina (CEA),1181512.0,20,2020
9.0,Keno (ATL),1111542.0,20,2020
10.0,Eduardo Coudet (INT),1027299.0,20,2020
11.0,Bruno Alves (SAO),1009460.0,20,2020
12.0,Heitor (INT),905044.0,20,2020
13.0,Gilberto (BAH),771711.0,20,2020
14.0,Fernando Sobral (CEA),746564.0,20,2020
15.0,Fernando Diniz (SAO),686437.0,20,2020
16.0,Raphael Veiga (PAL),670719.0,20,2020
17.0,Luiz Adriano (PAL),651095.0,20,2020
18.0,Fernando Prass (CEA),637747.0,20,2020
19.0,Abel Hernández (INT),597981.0,20,2020
20.0,Bruno Henrique (FLA),579687.0,20,2020
1.0,Gabriel (FLA),2470206.0,21,2020
2.0,Thiago Galhardo (INT),1820788.0,21,2020
3.0,David Braz (GRE),1549748.0,21,2020
4.0,Rogério Ceni (FLA),1525599.0,21,2020
5.0,Pepê (GRE),1336241.0,21,2020
6.0,Arrascaeta (FLA),1285093.0,21,2020
7.0,Raphael Veiga (PAL),1265727.0,21,2020
8.0,Marinho (SAN),1227959.0,21,2020
9.0,Diogo Barbosa (GRE),850352.0,21,2020
10.0,Bruno Henrique (FLA),827730.0,21,2020
11.0,Brenner (SAO),814865.0,21,2020
12.0,Giovanni Augusto (CFC),811531.0,21,2020
13.0,Matheuzinho (FLA),765990.0,21,2020
14.0,Léo Pereira (FLA),750728.0,21,2020
15.0,Keno (ATL),743527.0,21,2020
16.0,Sabino (CFC),644549.0,21,2020
17.0,Gerson (FLA),633003.0,21,2020
18.0,Renê (FLA),579591.0,21,2020
19.0,Victor Luis (BOT),578766.0,21,2020
20.0,Iago Maidana (SPO),547972.0,21,2020
1.0,Brenner (SAO),2158312.0,22,2020
2.0,Arrascaeta (FLA),1906399.0,22,2020
3.0,Bruno Henrique (FLA),1867956.0,22,2020
4.0,Keno (ATL),1306121.0,22,2020
5.0,Reinaldo (SAO),1294662.0,22,2020
6.0,Vina (CEA),1274117.0,22,2020
7.0,Rogério Ceni (FLA),1207556.0,22,2020
8.0,Luciano (SAO),1038117.0,22,2020
9.0,Gustavo Gómez (PAL),1033345.0,22,2020
10.0,Everton Ribeiro (FLA),977539.0,22,2020
11.0,Isla (FLA),715575.0,22,2020
12.0,Víctor Cuesta (INT),706747.0,22,2020
13.0,Bruno Alves (SAO),702043.0,22,2020
14.0,Fernando Diniz (SAO),650457.0,22,2020
15.0,Marcos Rocha (PAL),636780.0,22,2020
16.0,Gabriel Sara (SAO),630807.0,22,2020
17.0,Tiago Volpi (SAO),628540.0,22,2020
18.0,Luiz Adriano (PAL),620068.0,22,2020
19.0,Patrick (INT),616360.0,22,2020
20.0,Iago Maidana (SPO),571103.0,22,2020
1.0,Luciano (SAO),1659046.0,24,2020
2.0,Arrascaeta (FLA),1515432.0,24,2020
3.0,Pedro Geromel (GRE),1428100.0,24,2020
4.0,Pepê (GRE),1247779.0,24,2020
5.0,Brenner (SAO),1213926.0,24,2020
6.0,Reinaldo (SAO),1197404.0,24,2020
7.0,Everton Ribeiro (FLA),1143369.0,24,2020
8.0,Vina (CEA),1119607.0,24,2020
9.0,Bruno Henrique (FLA),1067229.0,24,2020
10.0,Keno (ATL),966282.0,24,2020
11.0,Fernando Diniz (SAO),929927.0,24,2020
12.0,Gabriel Sara (SAO),777495.0,24,2020
13.0,Tiago Volpi (SAO),718102.0,24,2020
14.0,Raphael Veiga (PAL),685828.0,24,2020
15.0,Pedro (FLA),673043.0,24,2020
16.0,Calegari (FLU),667103.0,24,2020
17.0,Guilherme Arana (ATL),638282.0,24,2020
18.0,Nenê (FLU),598600.0,24,2020
19.0,Marinho (SAN),589357.0,24,2020
20.0,Bruno Alves (SAO),572632.0,24,2020
1.0,Raphael Veiga (PAL),1695602.0,25,2020
2.0,Thiago Galhardo (INT),1673376.0,25,2020
3.0,Viña (PAL),1458369.0,25,2020
4.0,Bruno Henrique (FLA),1292691.0,25,2020
5.0,Arrascaeta (FLA),1264531.0,25,2020
6.0,Luciano (SAO),1118730.0,25,2020
7.0,Keno (ATL),950553.0,25,2020
8.0,Pepê (GRE),934662.0,25,2020
9.0,Víctor Cuesta (INT),915070.0,25,2020
10.0,Gustavo Gómez (PAL),805499.0,25,2020
11.0,Everton Ribeiro (FLA),800316.0,25,2020
12.0,Brenner (SAO),686830.0,25,2020
13.0,David Braz (GRE),666016.0,25,2020
14.0,Claudinho (BGT),642629.0,25,2020
15.0,Abel Ferreira (PAL),632209.0,25,2020
16.0,Weverton (PAL),555007.0,25,2020
17.0,Rogério Ceni (FLA),489853.0,25,2020
18.0,Rodrigo Caio (FLA),473361.0,25,2020
19.0,Gabriel Veron (PAL),457528.0,25,2020
20.0,Orejuela (GRE),438716.0,25,2020
1.0,Gabriel (FLA),2246599.0,26,2020
2.0,Bruno Henrique (FLA),1837002.0,26,2020
3.0,Arrascaeta (FLA),1735377.0,26,2020
4.0,Rogério Ceni (FLA),1333934.0,26,2020
5.0,Everton Ribeiro (FLA),1299176.0,26,2020
6.0,Rodrigo Caio (FLA),1280672.0,26,2020
7.0,Vina (CEA),1157647.0,26,2020
8.0,Sabino (CFC),1031979.0,26,2020
9.0,Claudinho (BGT),1020096.0,26,2020
10.0,Gil (COR),912828.0,26,2020
11.0,Fábio Santos (COR),845937.0,26,2020
12.0,Fagner (COR),823930.0,26,2020
13.0,Raphael Veiga (PAL),759831.0,26,2020
14.0,Isla (FLA),758529.0,26,2020
15.0,Diego Alves (FLA),740173.0,26,2020
16.0,Filipe Luís (FLA),727276.0,26,2020
17.0,Giovanni Augusto (CFC),654284.0,26,2020
18.0,Otero (COR),571588.0,26,2020
19.0,Viña (PAL),544467.0,26,2020
20.0,Thiago Galhardo (INT),472815.0,26,2020
1.0,Marinho (SAN),1676384.0,27,2020
2.0,Keno (ATL),1598041.0,27,2020
3.0,Pedro (FLA),1425575.0,27,2020
4.0,Viña (PAL),1168536.0,27,2020
5.0,Everton Ribeiro (FLA),1163102.0,27,2020
6.0,Arrascaeta (FLA),1133671.0,27,2020
7.0,Guilherme Arana (ATL),879735.0,27,2020
8.0,Gustavo Gómez (PAL),824331.0,27,2020
9.0,Bruno Henrique (FLA),781611.0,27,2020
10.0,Réver (ATL),721857.0,27,2020
11.0,Vina (CEA),677759.0,27,2020
12.0,Gabriel Menino (PAL),635318.0,27,2020
13.0,Rodrigo Caio (FLA),633293.0,27,2020
14.0,Thiago Galhardo (INT),578805.0,27,2020
15.0,Rogério Ceni (FLA),575672.0,27,2020
16.0,Júnior Alonso (ATL),535366.0,27,2020
17.0,Weverton (PAL),477286.0,27,2020
18.0,Patrick (INT),472292.0,27,2020
19.0,Vargas (ATL),468836.0,27,2020
20.0,John Victor (SAN),466869.0,27,2020
1.0,Gabriel (FLA),1710078.0,28,2020
2.0,Pepê (GRE),1628563.0,28,2020
3.0,Arrascaeta (FLA),1410876.0,28,2020
4.0,Bruno Henrique (FLA),1322096.0,28,2020
5.0,Vina (CEA),1234482.0,28,2020
6.0,Kannemann (GRE),1185254.0,28,2020
7.0,Brenner (SAO),1020782.0,28,2020
8.0,Jean Pyerre (GRE),1015651.0,28,2020
9.0,Reinaldo (SAO),971988.0,28,2020
10.0,Renato Gaúcho (GRE),868680.0,28,2020
11.0,Everton Ribeiro (FLA),841227.0,28,2020
12.0,Rodrigo Caio (FLA),785967.0,28,2020
13.0,Diogo Barbosa (GRE),758104.0,28,2020
14.0,Isla (FLA),693507.0,28,2020
15.0,Sabino (CFC),672058.0,28,2020
16.0,Filipe Luís (FLA),635803.0,28,2020
17.0,Rogério Ceni (FLA),615865.0,28,2020
18.0,Diego Souza (GRE),569169.0,28,2020
19.0,Alisson (GRE),541769.0,28,2020
20.0,Tadeu (GOI),481617.0,28,2020
1.0,Gabriel (FLA),1546948.0,29,2020
2.0,Thiago Galhardo (INT),1444519.0,29,2020
3.0,Arrascaeta (FLA),1173308.0,29,2020
4.0,Brenner (SAO),1097088.0,29,2020
5.0,Bruno Henrique (FLA),960900.0,29,2020
6.0,Everton Ribeiro (FLA),857884.0,29,2020
7.0,Patrick (INT),794187.0,29,2020
8.0,Rodrigo Moledo (INT),777615.0,29,2020
9.0,Rogério Ceni (FLA),746330.0,29,2020
10.0,Víctor Cuesta (INT),737543.0,29,2020
11.0,Keno (ATL),720747.0,29,2020
12.0,Cano (VAS),712971.0,29,2020
13.0,Rodrigo Caio (FLA),711698.0,29,2020
14.0,Reinaldo (SAO),706457.0,29,2020
15.0,Isla (FLA),613070.0,29,2020
16.0,Hugo Souza (FLA),613054.0,29,2020
17.0,Pepê (GRE),569173.0,29,2020
18.0,Filipe Luís (FLA),522604.0,29,2020
19.0,Guilherme Arana (ATL),384203.0,29,2020
20.0,David Braz (GRE),375238.0,29,2020
1.0,Vina (CEA),1593687.0,30,2020
2.0,Marinho (SAN),1540098.0,30,2020
3.0,Keno (ATL),1136632.0,30,2020
4.0,Cano (VAS),1091184.0,30,2020
5.0,Arrascaeta (FLA),1053369.0,30,2020
6.0,Patrick (INT),876626.0,30,2020
7.0,Hyoran (ATL),729386.0,30,2020
8.0,Bruno Henrique (FLA),725567.0,30,2020
9.0,Everton Ribeiro (FLA),710841.0,30,2020
10.0,Réver (ATL),694906.0,30,2020
11.0,Guilherme Arana (ATL),656556.0,30,2020
12.0,Víctor Cuesta (INT),649955.0,30,2020
13.0,Calegari (FLU),638028.0,30,2020
14.0,Rogério Ceni (FLA),619083.0,30,2020
15.0,Júnior Alonso (ATL),601429.0,30,2020
16.0,Yago Pikachu (VAS),561008.0,30,2020
17.0,Rodrigo Caio (FLA),542133.0,30,2020
18.0,Brenner (SAO),532221.0,30,2020
19.0,Felipe Jonatan (SAN),480376.0,30,2020
20.0,Everson (ATL),418622.0,30,2020
1.0,Luciano (SAO),1464869.0,32,2020
2.0,Hyoran (ATL),1287583.0,32,2020
3.0,Arrascaeta (FLA),1173189.0,32,2020
4.0,Marinho (SAN),1137448.0,32,2020
5.0,Gabriel (FLA),977052.0,32,2020
6.0,Cazares (COR),967517.0,32,2020
7.0,Reinaldo (SAO),764747.0,32,2020
8.0,Calegari (FLU),762155.0,32,2020
9.0,Keno (ATL),620550.0,32,2020
10.0,Vina (CEA),612031.0,32,2020
11.0,Júnior Alonso (ATL),606319.0,32,2020
12.0,Arboleda (SAO),596211.0,32,2020
13.0,Cuca (SAN),531018.0,32,2020
14.0,Guilherme Arana (ATL),526705.0,32,2020
15.0,Luccas Claro (FLU),500741.0,32,2020
16.0,Brenner (SAO),481775.0,32,2020
17.0,Tiago Volpi (SAO),442246.0,32,2020
18.0,Jean (ACG),423074.0,32,2020
19.0,Lucas Veríssimo (SAN),414998.0,32,2020
20.0,Fernando Diniz (SAO),403939.0,32,2020
1.0,Vina (CEA),1713868.0,33,2020
2.0,Gabriel (FLA),1528437.0,33,2020
3.0,Hyoran (ATL),1355305.0,33,2020
4.0,Arrascaeta (FLA),1175459.0,33,2020
5.0,Yuri Alberto (INT),1142816.0,33,2020
6.0,Júnior Alonso (ATL),942112.0,33,2020
7.0,Guilherme Arana (ATL),921753.0,33,2020
8.0,Luciano (SAO),838470.0,33,2020
9.0,Cano (VAS),773278.0,33,2020
10.0,Calegari (FLU),640202.0,33,2020
11.0,Jorge Sampaoli (ATL),623954.0,33,2020
12.0,Víctor Cuesta (INT),591100.0,33,2020
13.0,Rogério Ceni (FLA),571729.0,33,2020
14.0,Patrick (INT),531926.0,33,2020
15.0,Bruno Henrique (FLA),531922.0,33,2020
16.0,Luccas Claro (FLU),513463.0,33,2020
17.0,Claudinho (BGT),483943.0,33,2020
18.0,Yago Pikachu (VAS),460952.0,33,2020
19.0,Savarino (ATL),458612.0,33,2020
20.0,Gustavo Henrique (FLA),423326.0,33,2020
1.0,Claudinho (BGT),1569862.0,34,2020
2.0,Hyoran (ATL),1347902.0,34,2020
3.0,Gabriel (FLA),1344072.0,34,2020
4.0,Arrascaeta (FLA),1190548.0,34,2020
5.0,Vina (CEA),887706.0,34,2020
6.0,Léo Ortiz (BGT),772188.0,34,2020
7.0,Júnior Alonso (ATL),682535.0,34,2020
8.0,Guilherme Arana (ATL),664803.0,34,2020
9.0,Bruno Henrique (FLA),596196.0,34,2020
10.0,Hugo Souza (FLA),489289.0,34,2020
11.0,Gustavo Henrique (FLA),472175.0,34,2020
12.0,Maurício Barbieri (BGT),469265.0,34,2020
13.0,Filipe Luís (FLA),464444.0,34,2020
14.0,Raul (BGT),463556.0,34,2020
15.0,Everton Ribeiro (FLA),432666.0,34,2020
16.0,Rogério Ceni (FLA),428716.0,34,2020
17.0,Enderson Moreira (FOR),398831.0,34,2020
18.0,Isla (FLA),384561.0,34,2020
19.0,Yuri Alberto (INT),368988.0,34,2020
20.0,Calegari (FLU),368459.0,34,2020
1.0,Gabriel (FLA),1346912.0,35,2020
2.0,Patrick (INT),1322903.0,35,2020
3.0,Víctor Cuesta (INT),1184400.0,35,2020
4.0,Arrascaeta (FLA),1058889.0,35,2020
5.0,Yuri Alberto (INT),957588.0,35,2020
6.0,Vina (CEA),916169.0,35,2020
7.0,Pepê (GRE),914338.0,35,2020
8.0,Abel Braga (INT),790602.0,35,2020
9.0,Kannemann (GRE),760907.0,35,2020
10.0,Claudinho (BGT),712041.0,35,2020
11.0,Luciano (SAO),695590.0,35,2020
12.0,Jean (ACG),615475.0,35,2020
13.0,Diogo Barbosa (GRE),522798.0,35,2020
14.0,Jean Pyerre (GRE),483433.0,35,2020
15.0,Edenílson (INT),461322.0,35,2020
16.0,Reinaldo (SAO),438114.0,35,2020
17.0,Marcelo Lomba (INT),410761.0,35,2020
18.0,Everton Ribeiro (FLA),406869.0,35,2020
19.0,Hyoran (ATL),406140.0,35,2020
20.0,Lucas Ribeiro (INT),399441.0,35,2020
1.0,Marinho (SAN),1403078.0,36,2020
2.0,Vina (CEA),1332143.0,36,2020
3.0,Gabriel (FLA),1260432.0,36,2020
4.0,Hyoran (ATL),1127510.0,36,2020
5.0,Claudinho (BGT),1103846.0,36,2020
6.0,Arrascaeta (FLA),953384.0,36,2020
7.0,Luan Peres  (SAN),677815.0,36,2020
8.0,Guilherme Arana (ATL),669407.0,36,2020
9.0,Glauber Ramos (GOI),598430.0,36,2020
10.0,Everton Ribeiro (FLA),595028.0,36,2020
11.0,Hugo Souza (FLA),573453.0,36,2020
12.0,Felipe Jonatan (SAN),528409.0,36,2020
13.0,Júnior Alonso (ATL),526645.0,36,2020
14.0,Filipe Luís (FLA),462659.0,36,2020
15.0,Léo Ortiz (BGT),449095.0,36,2020
16.0,Bruno Henrique (FLA),400740.0,36,2020
17.0,Cuca (SAN),353246.0,36,2020
18.0,Rogério Ceni (FLA),343680.0,36,2020
19.0,Laércio (SAN),339307.0,36,2020
20.0,Jean (ACG),335989.0,36,2020
1.0,Vina (CEA),1455610.0,37,2020
2.0,Luciano (SAO),1248435.0,37,2020
3.0,Marinho (SAN),1194140.0,37,2020
4.0,Claudinho (BGT),1050046.0,37,2020
5.0,Gabriel (FLA),903665.0,37,2020
6.0,Arrascaeta (FLA),881974.0,37,2020
7.0,Reinaldo (SAO),723820.0,37,2020
8.0,Everton Ribeiro (FLA),586355.0,37,2020
9.0,Hyoran (ATL),497369.0,37,2020
10.0,Gil (COR),496560.0,37,2020
11.0,Fábio Santos (COR),490058.0,37,2020
12.0,Cazares (COR),471492.0,37,2020
13.0,Arboleda (SAO),451668.0,37,2020
14.0,Fagner (COR),427372.0,37,2020
15.0,Guilherme Arana (ATL),402830.0,37,2020
16.0,Enderson Moreira (FOR),384218.0,37,2020
17.0,Bruno Henrique (FLA),367580.0,37,2020
18.0,Júnior Alonso (ATL),355520.0,37,2020
19.0,Marcos Vizolli (SAO),353670.0,37,2020
20.0,Vagner Mancini (COR),331393.0,37,2020
1.0,Gabriel (FLA),1381270.0,38,2020
2.0,Vina (CEA),1369898.0,38,2020
3.0,Claudinho (BGT),1061912.0,38,2020
4.0,Arrascaeta (FLA),1025072.0,38,2020
5.0,Calegari (FLU),856662.0,38,2020
6.0,Patrick (INT),752385.0,38,2020
7.0,Nenê (FLU),720791.0,38,2020
8.0,Luccas Claro (FLU),667341.0,38,2020
9.0,Víctor Cuesta (INT),617839.0,38,2020
10.0,Bruno Henrique (FLA),612682.0,38,2020
11.0,Jean (ACG),517288.0,38,2020
12.0,Luciano (SAO),482821.0,38,2020
13.0,Rogério Ceni (FLA),472377.0,38,2020
14.0,Everton Ribeiro (FLA),464311.0,38,2020
15.0,Yuri Alberto (INT),449237.0,38,2020
16.0,Filipe Luís (FLA),413384.0,38,2020
17.0,Rodrigo Caio (FLA),411240.0,38,2020
18.0,Pedro Henrique (CAP),398376.0,38,2020
19.0,Cano (VAS),387289.0,38,2020
20.0,Guilherme Arana (ATL),376169.0,38,2020
1.0,Rodriguinho (CRU),2301719.0,1,2019
2.0,Luan (ATL),1739290.0,1,2019
3.0,Fagner (COR),1429926.0,1,2019
4.0,Pedro Geromel (GRE),1325520.0,1,2019
5.0,Alexandre Pato (SAO),1320655.0,1,2019
6.0,Ricardo Oliveira (ATL),1308276.0,1,2019
7.0,Guga (ATL),1256382.0,1,2019
8.0,Antony (SAO),1228398.0,1,2019
9.0,Bruno Henrique (FLA),1190283.0,1,2019
10.0,Cuéllar (FLA),1066723.0,1,2019
11.0,Bruno Alves (SAO),1064599.0,1,2019
12.0,Everton (GRE),1032570.0,1,2019
13.0,Luciano (FLU),1009242.0,1,2019
14.0,Tiago Nunes (ATL),922555.0,1,2019
15.0,Tiago Volpi (SAO),879032.0,1,2019
16.0,Arboleda (SAO),842942.0,1,2019
17.0,Fred (CRU),775477.0,1,2019
18.0,Fábio Santos (ATL),761134.0,1,2019
19.0,Santos (ATL),753961.0,1,2019
20.0,Nino (FLU),747075.0,1,2019
1.0,Fred (CRU),3330952.0,2,2019
2.0,Fagner (COR),2728812.0,2,2019
3.0,Pedro Geromel (GRE),1424746.0,2,2019
4.0,Sornoza (COR),1367761.0,2,2019
5.0,Everton (GRE),1366490.0,2,2019
6.0,Cássio (COR),1233928.0,2,2019
7.0,Mano Menezes (CRU),1145621.0,2,2019
8.0,Victor Ferraz (SAN),1089792.0,2,2019
9.0,Dedé (CRU),1083868.0,2,2019
10.0,Cuéllar (FLA),1071573.0,2,2019
11.0,Manoel (COR),976195.0,2,2019
12.0,Fábio (CRU),965402.0,2,2019
13.0,Léo (CRU),957137.0,2,2019
14.0,Alexandre Pato (SAO),947946.0,2,2019
15.0,Rodriguinho (CRU),877852.0,2,2019
16.0,Jean Mota (SAN),852575.0,2,2019
17.0,Bruno Henrique (FLA),819964.0,2,2019
18.0,Edílson (CRU),804384.0,2,2019
19.0,Gustavo Henrique (SAN),792080.0,2,2019
20.0,Clayson (COR),782371.0,2,2019
1.0,Fred (CRU),3129451.0,3,2019
2.0,Rodriguinho (CRU),2569155.0,3,2019
3.0,Léo (CRU),2067578.0,3,2019
4.0,Dedé (CRU),1665996.0,3,2019
5.0,Alexandre Pato (SAO),1471332.0,3,2019
6.0,Robinho (CRU),1292679.0,3,2019
7.0,Victor Ferraz (SAN),1180633.0,3,2019
8.0,Egídio (CRU),1135801.0,3,2019
9.0,Gatito Fernández (BOT),1128296.0,3,2019
10.0,Diego (FLA),1126027.0,3,2019
11.0,Gustavo Henrique (SAN),1119278.0,3,2019
12.0,Jean Mota (SAN),1108155.0,3,2019
13.0,Everton (SAO),1097553.0,3,2019
14.0,Cássio (COR),1087447.0,3,2019
15.0,Arthur Caíke (BAH),1084385.0,3,2019
16.0,Erik (BOT),1003359.0,3,2019
17.0,Ramires (BAH),992850.0,3,2019
18.0,Mano Menezes (CRU),989784.0,3,2019
19.0,Nino Paraíba (BAH),981019.0,3,2019
20.0,Ricardo Oliveira (ATL),962868.0,3,2019
1.0,Diego (FLA),3162862.0,4,2019
2.0,Tchê Tchê (SAO),2044450.0,4,2019
3.0,Vitinho (FLA),1435539.0,4,2019
4.0,Jorge (SAN),1424425.0,4,2019
5.0,Eduardo Sasha (SAN),1404859.0,4,2019
6.0,Paolo Guerrero (INT),1266654.0,4,2019
7.0,Victor Ferraz (SAN),1259145.0,4,2019
8.0,Antony (SAO),1256629.0,4,2019
9.0,Pedro (FLU),1122409.0,4,2019
10.0,Lucas Veríssimo (SAN),1085046.0,4,2019
11.0,Fagner (COR),1057129.0,4,2019
12.0,Everton (SAO),962584.0,4,2019
13.0,Pedro Geromel (GRE),934644.0,4,2019
14.0,Geninho (AVA),934271.0,4,2019
15.0,Gustavo Henrique (SAN),923145.0,4,2019
16.0,Cássio (COR),915534.0,4,2019
17.0,Abel Braga (FLA),862786.0,4,2019
18.0,Jorge Sampaoli (SAN),808975.0,4,2019
19.0,Rodrigo Moledo (INT),801061.0,4,2019
20.0,Fred (CRU),793802.0,4,2019
1.0,Paolo Guerrero (INT),2813326.0,5,2019
2.0,Rodrigo Moledo (INT),2476672.0,5,2019
3.0,Zeca (INT),2122976.0,5,2019
4.0,Víctor Cuesta (INT),1708839.0,5,2019
5.0,Tchê Tchê (SAO),1631009.0,5,2019
6.0,Nico López (INT),1571970.0,5,2019
7.0,Yago Pikachu (VAS),1514888.0,5,2019
8.0,Rodrigo Lindoso (INT),1310088.0,5,2019
9.0,Odair Hellmann (INT),1277467.0,5,2019
10.0,D'Alessandro (INT),1229717.0,5,2019
11.0,Everaldo (CHA),1181103.0,5,2019
12.0,Iago (INT),1164482.0,5,2019
13.0,Rodriguinho (CRU),1163888.0,5,2019
14.0,Alexandre Pato (SAO),1159002.0,5,2019
15.0,Nonato (INT),1128153.0,5,2019
16.0,Pedro Geromel (GRE),1106074.0,5,2019
17.0,Marcelo Lomba (INT),1063400.0,5,2019
18.0,Vanderlei Luxemburgo (VAS),1050066.0,5,2019
19.0,Everton (GRE),997523.0,5,2019
20.0,Bruno Alves (SAO),981311.0,5,2019
1.0,Fred (CRU),2702760.0,6,2019
2.0,Dedé (CRU),2311573.0,6,2019
3.0,Rodriguinho (CRU),2232086.0,6,2019
4.0,Bruno Henrique (FLA),1787045.0,6,2019
5.0,Diego Alves (FLA),1620712.0,6,2019
6.0,Rodrigo Caio (FLA),1590989.0,6,2019
7.0,Pedro Geromel (GRE),1471876.0,6,2019
8.0,Everton Ribeiro (FLA),1358786.0,6,2019
9.0,Gustavo Scarpa (PAL),1226646.0,6,2019
10.0,Egídio (CRU),1154645.0,6,2019
11.0,Everton (GRE),1145670.0,6,2019
12.0,Renê (FLA),1144408.0,6,2019
13.0,Léo (CRU),1086446.0,6,2019
14.0,Zé Rafael (PAL),989477.0,6,2019
15.0,Deyverson (PAL),964596.0,6,2019
16.0,Diego (FLA),946428.0,6,2019
17.0,Mano Menezes (CRU),937629.0,6,2019
18.0,Fábio (CRU),878992.0,6,2019
19.0,Fagner (COR),841257.0,6,2019
20.0,Robinho (CRU),827027.0,6,2019
1.0,Paolo Guerrero (INT),3170167.0,7,2019
2.0,Nonato (INT),2750412.0,7,2019
3.0,Zeca (INT),1751086.0,7,2019
4.0,Víctor Cuesta (INT),1648786.0,7,2019
5.0,Fábio Santos (ATL),1481326.0,7,2019
6.0,Cazares (ATL),1370147.0,7,2019
7.0,Diego Alves (FLA),1350363.0,7,2019
8.0,Rodrigo Caio (FLA),1318314.0,7,2019
9.0,Emerson Santos (INT),1306641.0,7,2019
10.0,Gabriel (FLA),1281494.0,7,2019
11.0,Dudu (PAL),1093124.0,7,2019
12.0,Odair Hellmann (INT),1049750.0,7,2019
13.0,Chará (ATL),1018740.0,7,2019
14.0,Everton Ribeiro (FLA),1017652.0,7,2019
15.0,Igor Rabello (ATL),913992.0,7,2019
16.0,Léo Duarte (FLA),894629.0,7,2019
17.0,Arrascaeta (FLA),871069.0,7,2019
18.0,Cuéllar (FLA),867745.0,7,2019
19.0,Nico López (INT),797589.0,7,2019
20.0,Eduardo Barroca (BOT),797029.0,7,2019
1.0,Pedro Geromel (GRE),2732669.0,8,2019
2.0,Dudu (PAL),1837078.0,8,2019
3.0,Bruno Henrique (FLA),1809567.0,8,2019
4.0,Bruno Henrique (PAL),1703301.0,8,2019
5.0,Felipe Vizeu (GRE),1698428.0,8,2019
6.0,Thiago Galhardo (CEA),1341949.0,8,2019
7.0,Diogo Barbosa (PAL),1328966.0,8,2019
8.0,Paulo Victor (GRE),1290285.0,8,2019
9.0,Thiago Neves (CRU),1268308.0,8,2019
10.0,Nonato (INT),1240065.0,8,2019
11.0,Zé Rafael (PAL),1224556.0,8,2019
12.0,Rodrigo Caio (FLA),1204982.0,8,2019
13.0,Everton Ribeiro (FLA),1109901.0,8,2019
14.0,Deyverson (PAL),1023202.0,8,2019
15.0,Alexandre Pato (SAO),994259.0,8,2019
16.0,Marcos Rocha (PAL),981367.0,8,2019
17.0,Diego Alves (FLA),865950.0,8,2019
18.0,Renato Gaúcho (GRE),848715.0,8,2019
19.0,Diego (FLA),805050.0,8,2019
20.0,Dedé (CRU),783212.0,8,2019
1.0,Rodrigo Caio (FLA),2570567.0,9,2019
2.0,Dudu (PAL),2551816.0,9,2019
3.0,Bruno Henrique (FLA),1971694.0,9,2019
4.0,Everton Ribeiro (FLA),1840508.0,9,2019
5.0,Gabriel (FLA),1708913.0,9,2019
6.0,Bruno Henrique (PAL),1419135.0,9,2019
7.0,Nonato (INT),1414719.0,9,2019
8.0,Cazares (ATL),1399030.0,9,2019
9.0,Marcos Rocha (PAL),1336764.0,9,2019
10.0,Víctor Cuesta (INT),1321465.0,9,2019
11.0,César (FLA),1201214.0,9,2019
12.0,Thiago Neves (CRU),1181221.0,9,2019
13.0,Renê (FLA),1176929.0,9,2019
14.0,Diogo Barbosa (PAL),1158758.0,9,2019
15.0,Zé Rafael (PAL),1087571.0,9,2019
16.0,Edu Dracena (PAL),1072974.0,9,2019
17.0,Antônio Carlos  (PAL),1023729.0,9,2019
18.0,Deyverson (PAL),968902.0,9,2019
19.0,Luiz Felipe Scolari (PAL),847592.0,9,2019
20.0,Fernando Diniz (FLU),810390.0,9,2019
1.0,Rodrigo Caio (FLA),2489623.0,10,2019
2.0,Arrascaeta (FLA),2314494.0,10,2019
3.0,Bruno Henrique (FLA),2025645.0,10,2019
4.0,Thiago Neves (CRU),1852162.0,10,2019
5.0,Gabriel (FLA),1822943.0,10,2019
6.0,Dedé (CRU),1462615.0,10,2019
7.0,Fagner (COR),1427045.0,10,2019
8.0,Renê (FLA),1377368.0,10,2019
9.0,Cuéllar (FLA),1176105.0,10,2019
10.0,Danilo Avelar (COR),1139062.0,10,2019
11.0,Pedrinho (COR),1132158.0,10,2019
12.0,Cássio (COR),1069861.0,10,2019
13.0,Vagner Love (COR),1046049.0,10,2019
14.0,Gil (COR),1043318.0,10,2019
15.0,João Pedro (FLU),1006796.0,10,2019
16.0,Fernando Diniz (FLU),956632.0,10,2019
17.0,Jorge Jesus (FLA),853925.0,10,2019
18.0,Diego Alves (FLA),781652.0,10,2019
19.0,Pedro (FLU),746334.0,10,2019
20.0,Fábio Carille (COR),708484.0,10,2019
1.0,Hernanes (SAO),2042200.0,11,2019
2.0,Cazares (ATL),1983914.0,11,2019
3.0,Alexandre Pato (SAO),1454747.0,11,2019
4.0,Gilberto (BAH),1118614.0,11,2019
5.0,Alerrandro (ATL),1118374.0,11,2019
6.0,Reinaldo (SAO),970444.0,11,2019
7.0,Réver (ATL),948044.0,11,2019
8.0,Pedro (FLU),924523.0,11,2019
9.0,Bruno Alves (SAO),911551.0,11,2019
10.0,Jorge (SAN),832753.0,11,2019
11.0,Fagner (COR),749665.0,11,2019
12.0,Chará (ATL),712123.0,11,2019
13.0,Rodrigo Santana (ATL),708695.0,11,2019
14.0,Antony (SAO),706190.0,11,2019
15.0,Rodrigo Caio (FLA),684756.0,11,2019
16.0,Fábio Santos (ATL),683474.0,11,2019
17.0,Gabriel (FLA),682484.0,11,2019
18.0,Cuca (SAO),681146.0,11,2019
19.0,Yago Pikachu (VAS),650137.0,11,2019
20.0,Igor Rabello (ATL),641329.0,11,2019
1.0,Carlos Sánchez (SAN),2484356.0,12,2019
2.0,Jorge (SAN),2123360.0,12,2019
3.0,Gabriel (FLA),2076588.0,12,2019
4.0,Eduardo Sasha (SAN),1585128.0,12,2019
5.0,Rodrigo Caio (FLA),1433134.0,12,2019
6.0,Dudu (PAL),1388477.0,12,2019
7.0,Soteldo (SAN),1263787.0,12,2019
8.0,Jorge Sampaoli (SAN),1260018.0,12,2019
9.0,Gustavo Henrique (SAN),1173067.0,12,2019
10.0,Victor Ferraz (SAN),1135940.0,12,2019
11.0,Nonato (INT),1134597.0,12,2019
12.0,Bruno Henrique (PAL),1084256.0,12,2019
13.0,Cuéllar (FLA),1002171.0,12,2019
14.0,Éverson (SAN),931241.0,12,2019
15.0,Pedro Geromel (GRE),911315.0,12,2019
16.0,Diogo Barbosa (PAL),849541.0,12,2019
17.0,Gustavo Gómez (PAL),845228.0,12,2019
18.0,Luan (GRE),801790.0,12,2019
19.0,Everaldo (CHA),751964.0,12,2019
20.0,Aguilar (SAN),730619.0,12,2019
1.0,Everton (GRE),2776653.0,13,2019
2.0,Pedro Geromel (GRE),2251065.0,13,2019
3.0,Jorge (SAN),2219081.0,13,2019
4.0,Carlos Sánchez (SAN),1916309.0,13,2019
5.0,Eduardo Sasha (SAN),1694418.0,13,2019
6.0,Yago Pikachu (VAS),1476805.0,13,2019
7.0,Soteldo (SAN),1462522.0,13,2019
8.0,Pedro (FLU),1275714.0,13,2019
9.0,Jean Pyerre (GRE),1127176.0,13,2019
10.0,Leandro Castan (VAS),1053315.0,13,2019
11.0,Jorge Sampaoli (SAN),1025562.0,13,2019
12.0,Vanderlei Luxemburgo (VAS),1003169.0,13,2019
13.0,Bruno Henrique (FLA),934617.0,13,2019
14.0,Éverson (SAN),920059.0,13,2019
15.0,Cazares (ATL),834890.0,13,2019
16.0,Marrony (VAS),815799.0,13,2019
17.0,Gustavo Henrique (SAN),711348.0,13,2019
18.0,Lucas Veríssimo (SAN),708530.0,13,2019
19.0,Gatito Fernández (BOT),691476.0,13,2019
20.0,Thiago Galhardo (CEA),651767.0,13,2019
1.0,Arrascaeta (FLA),2396430.0,14,2019
2.0,Bruno Henrique (FLA),2081259.0,14,2019
3.0,Dudu (PAL),1813426.0,14,2019
4.0,Dedé (CRU),1698022.0,14,2019
5.0,Cazares (ATL),1662936.0,14,2019
6.0,Paolo Guerrero (INT),1378058.0,14,2019
7.0,Thiago Galhardo (CEA),1326705.0,14,2019
8.0,Rafinha (FLA),1117284.0,14,2019
9.0,Marcos Rocha (PAL),1092883.0,14,2019
10.0,Víctor Cuesta (INT),999420.0,14,2019
11.0,Diogo Barbosa (PAL),934308.0,14,2019
12.0,Luan (PAL),866741.0,14,2019
13.0,Luiz Felipe Scolari (PAL),864431.0,14,2019
14.0,Soteldo (SAN),672504.0,14,2019
15.0,Gerson (FLA),649878.0,14,2019
16.0,Tadeu (GOI),564284.0,14,2019
17.0,Rodrigo Moledo (INT),546178.0,14,2019
18.0,Everton Ribeiro (FLA),535190.0,14,2019
19.0,Jorge (SAN),534961.0,14,2019
20.0,Filipe Luís (FLA),531572.0,14,2019
1.0,Yony González (FLU),2487976.0,15,2019
2.0,Arrascaeta (FLA),2137312.0,15,2019
3.0,Gilberto (BAH),1996998.0,15,2019
4.0,Daniel Alves (SAO),1777461.0,15,2019
5.0,Gabriel (FLA),1575469.0,15,2019
6.0,Fernando Diniz (FLU),1362646.0,15,2019
7.0,Carlos Sánchez (SAN),1166468.0,15,2019
8.0,Everaldo (CHA),1163455.0,15,2019
9.0,Gil (COR),1144348.0,15,2019
10.0,Pedrinho (COR),1074056.0,15,2019
11.0,Fagner (COR),1069441.0,15,2019
12.0,Gerson (FLA),1054060.0,15,2019
13.0,Ganso (FLU),1049602.0,15,2019
14.0,Reinaldo (SAO),1032444.0,15,2019
15.0,Douglas Friedrich (BAH),943849.0,15,2019
16.0,Bruno Guimarães (ATL),903965.0,15,2019
17.0,Manoel (COR),773101.0,15,2019
18.0,Juninho (BAH),750618.0,15,2019
19.0,Soteldo (SAN),747958.0,15,2019
20.0,Bruno Henrique (FLA),721889.0,15,2019
1.0,Carlos Sánchez (SAN),2627810.0,16,2019
2.0,Eduardo Sasha (SAN),2601579.0,16,2019
3.0,Jorge (SAN),2106678.0,16,2019
4.0,Lucas Veríssimo (SAN),2078534.0,16,2019
5.0,Soteldo (SAN),1920724.0,16,2019
6.0,Jorge Sampaoli (SAN),1761845.0,16,2019
7.0,Daniel Alves (SAO),1608865.0,16,2019
8.0,Thiago Neves (CRU),1419333.0,16,2019
9.0,Pedro Rocha (CRU),1398958.0,16,2019
10.0,Thiago Galhardo (CEA),1046042.0,16,2019
11.0,Gerson (FLA),908499.0,16,2019
12.0,Cássio (COR),728629.0,16,2019
13.0,Rogério Ceni (CRU),696174.0,16,2019
14.0,Diego Souza (BOT),687133.0,16,2019
15.0,Rodrigo Caio (FLA),675668.0,16,2019
16.0,Igor Rabello (ATL),668395.0,16,2019
17.0,Gatito Fernández (BOT),641697.0,16,2019
18.0,Gabriel (FLA),609729.0,16,2019
19.0,Willian Arão (FLA),568454.0,16,2019
20.0,Antony (SAO),563110.0,16,2019
1.0,Gilberto (BAH),2591159.0,17,2019
2.0,Arrascaeta (FLA),1950857.0,17,2019
3.0,Yony González (FLU),1622779.0,17,2019
4.0,Daniel Alves (SAO),1510848.0,17,2019
5.0,Gabriel (FLA),1329911.0,17,2019
6.0,Carlos Sánchez (SAN),1239902.0,17,2019
7.0,Nino Paraíba (BAH),1211292.0,17,2019
8.0,Roger Machado  (BAH),1147712.0,17,2019
9.0,Bruno Guimarães (ATL),1137686.0,17,2019
10.0,Bruno Henrique (FLA),1114532.0,17,2019
11.0,Juninho (BAH),1088094.0,17,2019
12.0,Lucas Fonseca (BAH),929169.0,17,2019
13.0,Dedé (CRU),822343.0,17,2019
14.0,Lucas Veríssimo (SAN),783234.0,17,2019
15.0,Soteldo (SAN),751627.0,17,2019
16.0,Douglas Friedrich (BAH),672020.0,17,2019
17.0,Rodrigo Caio (FLA),627701.0,17,2019
18.0,Moisés (BAH),620122.0,17,2019
19.0,Rony (ATL),588438.0,17,2019
20.0,Pedrinho (COR),577990.0,17,2019
1.0,Gabriel (FLA),2932916.0,18,2019
2.0,Everton Ribeiro (FLA),2102939.0,18,2019
3.0,Pablo Marí (FLA),2034378.0,18,2019
4.0,Rafinha (FLA),1599484.0,18,2019
5.0,Carlos Sánchez (SAN),1509505.0,18,2019
6.0,Gerson (FLA),1499649.0,18,2019
7.0,Jorge Jesus (FLA),1371689.0,18,2019
8.0,Dudu (PAL),1259013.0,18,2019
9.0,Eduardo Sasha (SAN),1220007.0,18,2019
10.0,Filipe Luís (FLA),998262.0,18,2019
11.0,Danilo Avelar (COR),938513.0,18,2019
12.0,Lucas Veríssimo (SAN),912891.0,18,2019
13.0,Mateus Vital (COR),909788.0,18,2019
14.0,Manoel (COR),904524.0,18,2019
15.0,Diego Alves (FLA),874005.0,18,2019
16.0,Cássio (COR),822690.0,18,2019
17.0,Gil (COR),778224.0,18,2019
18.0,Marinho (SAN),726174.0,18,2019
19.0,Vitinho (FLA),698754.0,18,2019
20.0,Willian Arão (FLA),689021.0,18,2019
1.0,Gabriel (FLA),2490983.0,19,2019
2.0,Arrascaeta (FLA),2481749.0,19,2019
3.0,Everton (GRE),2315194.0,19,2019
4.0,Daniel Alves (SAO),1947594.0,19,2019
5.0,Thiago Galhardo (CEA),1579725.0,19,2019
6.0,Bruno Henrique (FLA),1299279.0,19,2019
7.0,Jean Pyerre (GRE),1195617.0,19,2019
8.0,Pedro Henrique (ATL),1119695.0,19,2019
9.0,Gilberto (BAH),1087795.0,19,2019
10.0,Reinaldo (SAO),1086896.0,19,2019
11.0,Arboleda (SAO),1028441.0,19,2019
12.0,Pablo Marí (FLA),1001980.0,19,2019
13.0,Cuca (SAO),979916.0,19,2019
14.0,David Braz (GRE),862725.0,19,2019
15.0,Douglas Friedrich (BAH),776987.0,19,2019
16.0,Rodrigo Caio (FLA),712836.0,19,2019
17.0,Tiago Volpi (SAO),708434.0,19,2019
18.0,Gerson (FLA),706095.0,19,2019
19.0,Alisson (GRE),687074.0,19,2019
20.0,Gustavo Scarpa (PAL),661193.0,19,2019
1.0,Arrascaeta (FLA),2340775.0,20,2019
2.0,Gabriel (FLA),2314017.0,20,2019
3.0,Víctor Cuesta (INT),1731787.0,20,2019
4.0,Paolo Guerrero (INT),1623965.0,20,2019
5.0,Thiago Galhardo (CEA),1603783.0,20,2019
6.0,Rodrigo Moledo (INT),1029970.0,20,2019
7.0,Bruno Henrique (FLA),998122.0,20,2019
8.0,Everton (GRE),991428.0,20,2019
9.0,Odair Hellmann (INT),982332.0,20,2019
10.0,Pablo Marí (FLA),881266.0,20,2019
11.0,Marcos Rocha (PAL),780274.0,20,2019
12.0,Edenílson (INT),699741.0,20,2019
13.0,Léo Sena (GOI),685329.0,20,2019
14.0,Diego Alves (FLA),678298.0,20,2019
15.0,Luiz Adriano (PAL),642790.0,20,2019
16.0,Jorge (SAN),597605.0,20,2019
17.0,Nico López (INT),588544.0,20,2019
18.0,Daniel Alves (SAO),584257.0,20,2019
19.0,Rafinha (FLA),581792.0,20,2019
20.0,Rodrigo Lindoso (INT),566835.0,20,2019
1.0,Everton (GRE),2649808.0,21,2019
2.0,Alisson (GRE),2165821.0,21,2019
3.0,Arrascaeta (FLA),2006112.0,21,2019
4.0,Gabriel (FLA),2002366.0,21,2019
5.0,Kannemann (GRE),1376657.0,21,2019
6.0,Dudu (PAL),1253067.0,21,2019
7.0,Gustavo Scarpa (PAL),1171901.0,21,2019
8.0,David Braz (GRE),1109831.0,21,2019
9.0,Reinaldo (SAO),1076828.0,21,2019
10.0,Daniel Alves (SAO),1031420.0,21,2019
11.0,Renato Gaúcho (GRE),914692.0,21,2019
12.0,Diogo Barbosa (PAL),882389.0,21,2019
13.0,Vitor Hugo (PAL),835344.0,21,2019
14.0,Mano Menezes (PAL),790058.0,21,2019
15.0,Gustavo Gómez (PAL),782157.0,21,2019
16.0,Douglas Friedrich (BAH),752784.0,21,2019
17.0,Thiago Galhardo (CEA),694036.0,21,2019
18.0,Bruno Guimarães (ATL),687696.0,21,2019
19.0,Bruno Henrique (PAL),670818.0,21,2019
20.0,Paulo Victor (GRE),659330.0,21,2019
1.0,Gabriel (FLA),2638850.0,22,2019
2.0,Arrascaeta (FLA),2226140.0,22,2019
3.0,Eduardo Sasha (SAN),1965837.0,22,2019
4.0,Soteldo (SAN),1905161.0,22,2019
5.0,Lucas Veríssimo (SAN),1583703.0,22,2019
6.0,Jorge Sampaoli (SAN),1211653.0,22,2019
7.0,Filipe Luís (FLA),1197229.0,22,2019
8.0,Gilberto (BAH),1143189.0,22,2019
9.0,Rony (ATL),1078705.0,22,2019
10.0,Pedrinho (COR),864114.0,22,2019
11.0,Fagner (COR),740390.0,22,2019
12.0,Pablo Marí (FLA),722628.0,22,2019
13.0,Bruno Henrique (FLA),705476.0,22,2019
14.0,Santos (ATL),702770.0,22,2019
15.0,Nikão (ATL),689498.0,22,2019
16.0,Bruno Guimarães (ATL),687449.0,22,2019
17.0,Rodrigo Caio (FLA),665893.0,22,2019
18.0,Everton Ribeiro (FLA),651319.0,22,2019
19.0,Victor Ferraz (SAN),642433.0,22,2019
20.0,Diego Alves (FLA),549105.0,22,2019
1.0,Everton (GRE),1816088.0,23,2019
2.0,Thiago Galhardo (CEA),1728094.0,23,2019
3.0,Everton Ribeiro (FLA),1684402.0,23,2019
4.0,Dudu (PAL),1519174.0,23,2019
5.0,Bruno Henrique (PAL),1427131.0,23,2019
6.0,Bruno Henrique (FLA),1328560.0,23,2019
7.0,Pablo Marí (FLA),1326759.0,23,2019
8.0,Hernanes (SAO),1231187.0,23,2019
9.0,Daniel Alves (SAO),1169266.0,23,2019
10.0,Gilberto (BAH),1038957.0,23,2019
11.0,Pablo (SAO),967688.0,23,2019
12.0,Rodrigo Caio (FLA),944976.0,23,2019
13.0,Fernando Diniz (SAO),930460.0,23,2019
14.0,Reinaldo (SAO),922465.0,23,2019
15.0,Gustavo Gómez (PAL),907191.0,23,2019
16.0,Marcos Rocha (PAL),883903.0,23,2019
17.0,Jordi (CSA),761939.0,23,2019
18.0,Willian (PAL),755753.0,23,2019
19.0,Mano Menezes (PAL),748681.0,23,2019
20.0,Jorge Jesus (FLA),663298.0,23,2019
1.0,Bruno Henrique (FLA),2373645.0,24,2019
2.0,Everton Ribeiro (FLA),2161129.0,24,2019
3.0,Luan (GRE),2094785.0,24,2019
4.0,Alisson (GRE),1784494.0,24,2019
5.0,Pedro Geromel (GRE),1467438.0,24,2019
6.0,Pablo Marí (FLA),1450054.0,24,2019
7.0,Víctor Cuesta (INT),1370415.0,24,2019
8.0,Rafinha (FLA),1216180.0,24,2019
9.0,Rodrigo Lindoso (INT),1093679.0,24,2019
10.0,Gerson (FLA),1014821.0,24,2019
11.0,David Braz (GRE),984678.0,24,2019
12.0,Patrick (INT),946549.0,24,2019
13.0,Gilberto (BAH),932804.0,24,2019
14.0,Jorge Jesus (FLA),882417.0,24,2019
15.0,Renato Gaúcho (GRE),873214.0,24,2019
16.0,Nico López (INT),706465.0,24,2019
17.0,Diego Alves (FLA),695830.0,24,2019
18.0,Bruno Cortez (GRE),689644.0,24,2019
19.0,Wellington Paulista (FOR),688462.0,24,2019
20.0,Fagner (COR),590903.0,24,2019
1.0,Thiago Galhardo (CEA),2246671.0,25,2019
2.0,Dudu (PAL),2054848.0,25,2019
3.0,Bruno Henrique (FLA),1687326.0,25,2019
4.0,Michael (GOI),1344510.0,25,2019
5.0,Bruno Henrique (PAL),1298465.0,25,2019
6.0,Rafael Vaz (GOI),1269429.0,25,2019
7.0,Marcos Rocha (PAL),1173991.0,25,2019
8.0,Mano Menezes (PAL),1125835.0,25,2019
9.0,Tadeu (GOI),1000736.0,25,2019
10.0,Everton Ribeiro (FLA),812944.0,25,2019
11.0,Pedro Geromel (GRE),794360.0,25,2019
12.0,Diogo Barbosa (PAL),704049.0,25,2019
13.0,Pablo Marí (FLA),661515.0,25,2019
14.0,Víctor Cuesta (INT),655615.0,25,2019
15.0,Luan (PAL),613926.0,25,2019
16.0,Rodrigo Lindoso (INT),611896.0,25,2019
17.0,Léo Cittadini (ATL),609824.0,25,2019
18.0,Patrick (INT),606189.0,25,2019
19.0,Gerson (FLA),530221.0,25,2019
20.0,Luan (GRE),527987.0,25,2019
1.0,Gabriel (FLA),2789754.0,26,2019
2.0,Carlos Sánchez (SAN),2012020.0,26,2019
3.0,Dudu (PAL),1814216.0,26,2019
4.0,Everton (GRE),1461268.0,26,2019
5.0,Marcos Rocha (PAL),1419693.0,26,2019
6.0,Pablo Marí (FLA),1299739.0,26,2019
7.0,Bruno Henrique (PAL),1276182.0,26,2019
8.0,Pedro Geromel (GRE),1050767.0,26,2019
9.0,Gerson (FLA),1014357.0,26,2019
10.0,Gustavo Gómez (PAL),993056.0,26,2019
11.0,Mano Menezes (PAL),916412.0,26,2019
12.0,Diogo Barbosa (PAL),887866.0,26,2019
13.0,Willian Arão (FLA),772354.0,26,2019
14.0,Rodrigo Caio (FLA),768672.0,26,2019
15.0,Patrick (INT),729245.0,26,2019
16.0,Willian (PAL),716558.0,26,2019
17.0,Jorge (SAN),679905.0,26,2019
18.0,Eduardo Sasha (SAN),678725.0,26,2019
19.0,Luan (GRE),613218.0,26,2019
20.0,Gustavo Scarpa (PAL),605458.0,26,2019
1.0,Gabriel (FLA),2453516.0,27,2019
2.0,Daniel Alves (SAO),2054344.0,27,2019
3.0,Gilberto (BAH),1964984.0,27,2019
4.0,Bruno Henrique (FLA),1742226.0,27,2019
5.0,Everton Ribeiro (FLA),1622531.0,27,2019
6.0,Víctor Cuesta (INT),1607768.0,27,2019
7.0,Fernando Diniz (SAO),1377929.0,27,2019
8.0,Patrick (INT),1341175.0,27,2019
9.0,Rodrigo Caio (FLA),1184769.0,27,2019
10.0,Alexandre Pato (SAO),1087157.0,27,2019
11.0,Jorge Jesus (FLA),946634.0,27,2019
12.0,Renê (FLA),848693.0,27,2019
13.0,Diego Alves (FLA),745258.0,27,2019
14.0,Willian Arão (FLA),737929.0,27,2019
15.0,Bruno Alves (SAO),713413.0,27,2019
16.0,Pedrinho (COR),670092.0,27,2019
17.0,Fagner (COR),648248.0,27,2019
18.0,Rafael Vaz (GOI),617282.0,27,2019
19.0,Carlos Sánchez (SAN),555492.0,27,2019
20.0,Arboleda (SAO),553702.0,27,2019
1.0,Gabriel (FLA),3055765.0,28,2019
2.0,Rodrigo Caio (FLA),2299770.0,28,2019
3.0,Bruno Henrique (FLA),2295948.0,28,2019
4.0,Pedro Geromel (GRE),1736142.0,28,2019
5.0,Everton Ribeiro (FLA),1723873.0,28,2019
6.0,Everton (GRE),1687883.0,28,2019
7.0,Jorge Jesus (FLA),1483957.0,28,2019
8.0,Rafinha (FLA),1220932.0,28,2019
9.0,Thiago Neves (CRU),1107972.0,28,2019
10.0,Reinaldo (SAO),1072486.0,28,2019
11.0,Thiago Galhardo (CEA),1061054.0,28,2019
12.0,Gerson (FLA),1027193.0,28,2019
13.0,Diego Alves (FLA),914156.0,28,2019
14.0,Diogo Barbosa (PAL),762161.0,28,2019
15.0,Alisson (GRE),709628.0,28,2019
16.0,Willian Arão (FLA),665828.0,28,2019
17.0,Bruno Henrique (PAL),635092.0,28,2019
18.0,Dudu (PAL),599547.0,28,2019
19.0,Léo Cittadini (ATL),553998.0,28,2019
20.0,Douglas Friedrich (BAH),499077.0,28,2019
1.0,Gabriel (FLA),2370929.0,29,2019
2.0,Arrascaeta (FLA),2053006.0,29,2019
3.0,Bruno Henrique (FLA),1970801.0,29,2019
4.0,Carlos Sánchez (SAN),1368377.0,29,2019
5.0,Víctor Cuesta (INT),1117283.0,29,2019
6.0,Everton (GRE),1078592.0,29,2019
7.0,Otero (ATL),1075792.0,29,2019
8.0,Réver (ATL),1068658.0,29,2019
9.0,Filipe Luís (FLA),1065943.0,29,2019
10.0,Jorge Jesus (FLA),996739.0,29,2019
11.0,Vagner Mancini (ATL),922105.0,29,2019
12.0,Pablo Marí (FLA),895022.0,29,2019
13.0,Rodrigo Caio (FLA),845496.0,29,2019
14.0,Thiago Galhardo (CEA),793239.0,29,2019
15.0,Wellington Paulista (FOR),730604.0,29,2019
16.0,Everton Ribeiro (FLA),650885.0,29,2019
17.0,Rafinha (FLA),617379.0,29,2019
18.0,Eduardo Sasha (SAN),610757.0,29,2019
19.0,Gerson (FLA),573480.0,29,2019
20.0,Guga (ATL),498125.0,29,2019
1.0,Arrascaeta (FLA),1905783.0,30,2019
2.0,Rony (ATL),1784337.0,30,2019
3.0,Bruno Henrique (FLA),1658281.0,30,2019
4.0,Rafael Vaz (GOI),1428265.0,30,2019
5.0,Carlos Sánchez (SAN),1384448.0,30,2019
6.0,Michael (GOI),1365103.0,30,2019
7.0,Jorge (SAN),1225456.0,30,2019
8.0,Dudu (PAL),1151889.0,30,2019
9.0,Everton (GRE),848920.0,30,2019
10.0,Gustavo Scarpa (PAL),836345.0,30,2019
11.0,Tadeu (GOI),764667.0,30,2019
12.0,Nikão (ATL),763637.0,30,2019
13.0,Pablo Marí (FLA),741874.0,30,2019
14.0,Reinaldo (SAO),673312.0,30,2019
15.0,Gustavo Gómez (PAL),648741.0,30,2019
16.0,Diogo Barbosa (PAL),591279.0,30,2019
17.0,Santos (ATL),581084.0,30,2019
18.0,Tiago Nunes (ATL),571548.0,30,2019
19.0,Madson (ATL),566032.0,30,2019
20.0,Rodrigo Caio (FLA),550213.0,30,2019
1.0,Everton (GRE),2424958.0,31,2019
2.0,Gabriel (FLA),2265565.0,31,2019
3.0,Arrascaeta (FLA),1923204.0,31,2019
4.0,Pedro Geromel (GRE),1454745.0,31,2019
5.0,Bruno Henrique (FLA),1401977.0,31,2019
6.0,Carlos Sánchez (SAN),1270770.0,31,2019
7.0,Alisson (GRE),1254609.0,31,2019
8.0,Jorge (SAN),962738.0,31,2019
9.0,Reinaldo (SAO),916892.0,31,2019
10.0,Rodrigo Caio (FLA),843477.0,31,2019
11.0,Diego Alves (FLA),787068.0,31,2019
12.0,Renato Gaúcho (GRE),766537.0,31,2019
13.0,Pablo Marí (FLA),725500.0,31,2019
14.0,Zé Ricardo (INT),594699.0,31,2019
15.0,Bruno Cortez (GRE),589777.0,31,2019
16.0,Nino Paraíba (BAH),573549.0,31,2019
17.0,Gerson (FLA),572341.0,31,2019
18.0,Fernando Diniz (SAO),570492.0,31,2019
19.0,Soteldo (SAN),559681.0,31,2019
20.0,Douglas Friedrich (BAH),552645.0,31,2019
1.0,Gabriel (FLA),2124033.0,32,2019
2.0,Everton (GRE),1933778.0,32,2019
3.0,Bruno Henrique (FLA),1911491.0,32,2019
4.0,Pedro Geromel (GRE),1529006.0,32,2019
5.0,Everton Ribeiro (FLA),1107610.0,32,2019
6.0,Víctor Cuesta (INT),996986.0,32,2019
7.0,Rodrigo Caio (FLA),929704.0,32,2019
8.0,Pablo Marí (FLA),894490.0,32,2019
9.0,Jorge Jesus (FLA),866925.0,32,2019
10.0,Gerson (FLA),857037.0,32,2019
11.0,Reinaldo (SAO),751128.0,32,2019
12.0,Diego Alves (FLA),741288.0,32,2019
13.0,Alisson (GRE),733971.0,32,2019
14.0,Filipe Luís (FLA),724385.0,32,2019
15.0,Carlos Sánchez (SAN),703580.0,32,2019
16.0,Apodi (CSA),637700.0,32,2019
17.0,Marcos Rocha (PAL),613032.0,32,2019
18.0,Rodrigo Lindoso (INT),609442.0,32,2019
19.0,Thiago Neves (CRU),595614.0,32,2019
20.0,Paolo Guerrero (INT),536399.0,32,2019
1.0,Thiago Neves (CRU),1965291.0,33,2019
2.0,Wellington Paulista (FOR),1684302.0,33,2019
3.0,Carlos Sánchez (SAN),1496611.0,33,2019
4.0,Rony (ATL),1408960.0,33,2019
5.0,Everton (GRE),1240124.0,33,2019
6.0,Nikão (ATL),1181936.0,33,2019
7.0,Gabriel (FLA),1179685.0,33,2019
8.0,Jorge (SAN),1119607.0,33,2019
9.0,Orejuela (CRU),1012003.0,33,2019
10.0,Tadeu (GOI),901465.0,33,2019
11.0,Arrascaeta (FLA),827006.0,33,2019
12.0,Marinho (SAN),773180.0,33,2019
13.0,Abel Braga (CRU),747327.0,33,2019
14.0,Pedro Geromel (GRE),724759.0,33,2019
15.0,Víctor Cuesta (INT),719379.0,33,2019
16.0,Thiago Galhardo (CEA),674239.0,33,2019
17.0,Eduardo Sasha (SAN),608405.0,33,2019
18.0,Thiago Heleno (ATL),595795.0,33,2019
19.0,Fábio (CRU),586585.0,33,2019
20.0,Marcos Rocha (PAL),561956.0,33,2019
1.0,Marinho (SAN),1899503.0,34,2019
2.0,Carlos Sánchez (SAN),1787959.0,34,2019
3.0,Soteldo (SAN),1783602.0,34,2019
4.0,Víctor Cuesta (INT),1573148.0,34,2019
5.0,Jorge Sampaoli (SAN),1148756.0,34,2019
6.0,Tadeu (GOI),1112881.0,34,2019
7.0,Paolo Guerrero (INT),996260.0,34,2019
8.0,Michael (GOI),890253.0,34,2019
9.0,Everton (GRE),872181.0,34,2019
10.0,Eduardo Sasha (SAN),867092.0,34,2019
11.0,Rodrigo Lindoso (INT),774311.0,34,2019
12.0,Marcos Rocha (PAL),738482.0,34,2019
13.0,Rafael Vaz (GOI),714578.0,34,2019
14.0,Rodrigo Moledo (INT),667575.0,34,2019
15.0,Daniel Alves (SAO),654844.0,34,2019
16.0,Dudu (PAL),646560.0,34,2019
17.0,Lucas Veríssimo (SAN),642732.0,34,2019
18.0,Zé Ricardo (INT),640855.0,34,2019
19.0,Pedrinho (COR),566262.0,34,2019
20.0,William Pottker (INT),540078.0,34,2019
1.0,Bruno Henrique (FLA),1986525.0,35,2019
2.0,Arrascaeta (FLA),1721990.0,35,2019
3.0,Pedrinho (COR),1395622.0,35,2019
4.0,Víctor Cuesta (INT),1213935.0,35,2019
5.0,Gil (COR),1052904.0,35,2019
6.0,Jorge Jesus (FLA),903207.0,35,2019
7.0,Rodrigo Caio (FLA),902809.0,35,2019
8.0,Soteldo (SAN),897316.0,35,2019
9.0,Thiago Neves (CRU),854335.0,35,2019
10.0,Paolo Guerrero (INT),844097.0,35,2019
11.0,Fagner (COR),741859.0,35,2019
12.0,Carlos Sánchez (SAN),710387.0,35,2019
13.0,Orejuela (CRU),662475.0,35,2019
14.0,Everton (GRE),646450.0,35,2019
15.0,Daniel Alves (SAO),629128.0,35,2019
16.0,Gilberto (BAH),560084.0,35,2019
17.0,Everton Ribeiro (FLA),548811.0,35,2019
18.0,Filipe Luís (FLA),515422.0,35,2019
19.0,Boselli (COR),497700.0,35,2019
20.0,Diego Alves (FLA),489732.0,35,2019
1.0,Carlos Sánchez (SAN),2135572.0,36,2019
2.0,Marinho (SAN),1722203.0,36,2019
3.0,Jorge Sampaoli (SAN),1426744.0,36,2019
4.0,Arrascaeta (FLA),1293734.0,36,2019
5.0,Gabriel (FLA),1269717.0,36,2019
6.0,Victor Ferraz (SAN),1242530.0,36,2019
7.0,Pedro Geromel (GRE),1164266.0,36,2019
8.0,Everton (GRE),1115095.0,36,2019
9.0,Eduardo Sasha (SAN),983373.0,36,2019
10.0,Lucas Veríssimo (SAN),864516.0,36,2019
11.0,Bruno Henrique (FLA),772674.0,36,2019
12.0,Léo Sena (GOI),729863.0,36,2019
13.0,Rafael Vaz (GOI),697285.0,36,2019
14.0,Michael (GOI),668825.0,36,2019
15.0,Víctor Cuesta (INT),653732.0,36,2019
16.0,Tadeu (GOI),589606.0,36,2019
17.0,Gustavo Henrique (SAN),455780.0,36,2019
18.0,Thiago Galhardo (CEA),455301.0,36,2019
19.0,Gilberto  (FLU),409381.0,36,2019
20.0,Éverson (SAN),399442.0,36,2019
1.0,Arrascaeta (FLA),2076474.0,37,2019
2.0,Gabriel (FLA),1820588.0,37,2019
3.0,Everton (GRE),1785548.0,37,2019
4.0,Rodrigo Caio (FLA),1534181.0,37,2019
5.0,Pedro Geromel (GRE),1331495.0,37,2019
6.0,Jorge Jesus (FLA),1235794.0,37,2019
7.0,Rafinha (FLA),816139.0,37,2019
8.0,Diego Alves (FLA),790667.0,37,2019
9.0,Alisson (GRE),771025.0,37,2019
10.0,Filipe Luís (FLA),685051.0,37,2019
11.0,Bruno Henrique (FLA),673624.0,37,2019
12.0,Bruno Henrique (PAL),665762.0,37,2019
13.0,Marcos Rocha (PAL),651295.0,37,2019
14.0,Dudu (PAL),596711.0,37,2019
15.0,Thiago Galhardo (CEA),592443.0,37,2019
16.0,Gerson (FLA),575042.0,37,2019
17.0,Cazares (ATL),570325.0,37,2019
18.0,Bruno Cortez (GRE),421716.0,37,2019
19.0,Marinho (SAN),415940.0,37,2019
20.0,Soteldo (SAN),413706.0,37,2019
1.0,Gabriel (FLA),1860187.0,38,2019
2.0,Víctor Cuesta (INT),1521346.0,38,2019
3.0,Paolo Guerrero (INT),1177430.0,38,2019
4.0,Bruno Henrique (FLA),1122289.0,38,2019
5.0,Fagner (COR),1038671.0,38,2019
6.0,Carlos Sánchez (SAN),865004.0,38,2019
7.0,Léo Sena (GOI),835074.0,38,2019
8.0,Leandro Castan (VAS),756736.0,38,2019
9.0,Everton Ribeiro (FLA),746918.0,38,2019
10.0,Marcos Rocha (PAL),701876.0,38,2019
11.0,Michael (GOI),669297.0,38,2019
12.0,Dudu (PAL),653345.0,38,2019
13.0,Thiago Galhardo (CEA),621338.0,38,2019
14.0,Bruno Henrique (PAL),600641.0,38,2019
15.0,Yago Pikachu (VAS),598421.0,38,2019
16.0,Vanderlei Luxemburgo (VAS),587924.0,38,2019
17.0,Tadeu (GOI),584354.0,38,2019
18.0,Gil (COR),583989.0,38,2019
19.0,Guarín (VAS),557526.0,38,2019
20.0,Jorge Jesus (FLA),524641.0,38,2019
